"Country","Region","Indicator","2005","2006","2007","2008","2009","2010","2011","2012","2013","2014","2015","2016","2017"
"Albania","Europe","Intimate Partner/Family Member Homicide",19,23,18,12,11,20,28,28,28,22,20,17,
"Albania","Europe","IPFM Male Victims",12,9,10,7,4,5,12,14,11,12,10,6,
"Albania","Europe","IPFM Female Victims",7,14,8,5,7,15,16,14,17,10,10,11,
"Albania","Europe","Intimate Partner Homicide",,,,,,,,,,6,10,11,
"Albania","Europe","IP Male Victims",,,,,,,,,,,2,1,
"Albania","Europe","IP Female Victims",,,,,,,,,,,8,10,
"Algeria","Africa","Intimate Partner/Family Member Homicide",,,,,,,,,,127,80,,
"Algeria","Africa","IPFM Male Victims",,,,,,,,,,54,44,,
"Algeria","Africa","IPFM Female Victims",,,,,,,,,,73,36,,
"Algeria","Africa","Intimate Partner Homicide",,,,,,,,,,35,23,,
"Algeria","Africa","IP Male Victims",,,,,,,,,,13,10,,
"Algeria","Africa","IP Female Victims",,,,,,,,,,22,13,,
"Andorra","Europe","Intimate Partner/Family Member Homicide",,,,,,,,,,,,,
"Andorra","Europe","IPFM Male Victims",,,,,,,,,,,,,
"Andorra","Europe","IPFM Female Victims",,,,,,,,,,,,,
"Andorra","Europe","Intimate Partner Homicide",,,,,0,0,,,,,,,
"Andorra","Europe","IP Male Victims",,,,,0,0,,,,,,,
"Andorra","Europe","IP Female Victims",,,,,0,0,,,,,,,
"Argentina","Americas","Intimate Partner/Family Member Homicide",,,,,,,,,,,361,,384
"Argentina","Americas","IPFM Male Victims",,,,,,,,,,,192,,167
"Argentina","Americas","IPFM Female Victims",,,,,,,,,,,169,,217
"Argentina","Americas","Intimate Partner Homicide",,,,,,,,,,,170,,196
"Argentina","Americas","IP Male Victims",,,,,,,,,,,50,,46
"Argentina","Americas","IP Female Victims",,,,,,,,,,,120,,150
"Armenia","Asia","Intimate Partner/Family Member Homicide",4,4,4,2,3,5,2,6,2,8,5,2,5
"Armenia","Asia","IPFM Male Victims",2,2,3,2,2,3,2,3,1,3,2,,
"Armenia","Asia","IPFM Female Victims",2,2,1,0,1,2,0,3,1,4,3,,
"Armenia","Asia","Intimate Partner Homicide",,,,,,2,0,1,1,5,3,,
"Armenia","Asia","IP Male Victims",,,,,,1,0,0,0,0,0,,
"Armenia","Asia","IP Female Victims",,,,,,1,0,1,1,5,3,,
"Australia","Oceania","Intimate Partner/Family Member Homicide",122,139,118,116,105,,,,,81,76,88,66
"Australia","Oceania","IPFM Male Victims",52,63,47,42,50,,,,,28,22,39,29
"Australia","Oceania","IPFM Female Victims",70,76,71,74,55,,,,,53,54,49,37
"Australia","Oceania","Intimate Partner Homicide",,,,,,,,,,38,43,47,37
"Australia","Oceania","IP Male Victims",,,,,,,,,,8,7,15,10
"Australia","Oceania","IP Female Victims",,,,,,,,,,30,36,32,27
"Austria","Europe","Intimate Partner/Family Member Homicide",,40,29,27,39,40,57,44,31,18,19,34,
"Austria","Europe","IPFM Male Victims",,12,10,9,13,16,22,18,9,2,5,11,
"Austria","Europe","IPFM Female Victims",,28,19,18,26,24,35,26,22,16,14,23,
"Austria","Europe","Intimate Partner Homicide",,,,,,,,,,,,,
"Austria","Europe","IP Male Victims",,,,,,,,,,,,,
"Austria","Europe","IP Female Victims",,,,,,,,,,,,,
"Azerbaijan","Asia","Intimate Partner/Family Member Homicide",,,,,,34,,56,62,27,38,39,58
"Azerbaijan","Asia","IPFM Male Victims",,,,,,,,,,8,11,12,19
"Azerbaijan","Asia","IPFM Female Victims",,,,,,,,,,19,27,27,39
"Azerbaijan","Asia","Intimate Partner Homicide",,,,,,,,,,,,,
"Azerbaijan","Asia","IP Male Victims",,,,,,,,,,,,,
"Azerbaijan","Asia","IP Female Victims",,,,,,,,,,,,,
"Bahamas","Americas","Intimate Partner/Family Member Homicide",8,7,17,7,10,10,15,15,,,,,
"Bahamas","Americas","IPFM Male Victims",4,5,14,5,8,4,12,,,,,,
"Bahamas","Americas","IPFM Female Victims",4,2,3,2,2,6,3,,,,,,
"Bahamas","Americas","Intimate Partner Homicide",,,,,,,,13,,,,,
"Bahamas","Americas","IP Male Victims",,,,,,,,8,,,,,
"Bahamas","Americas","IP Female Victims",,,,,,,,5,,,,,
"Barbados","Americas","Intimate Partner/Family Member Homicide",,,2,2,1,2,2,3,6,3,0,,
"Barbados","Americas","IPFM Male Victims",,,0,,0,0,1,1,0,0,,,
"Barbados","Americas","IPFM Female Victims",,,2,,1,2,1,2,6,3,,,
"Barbados","Americas","Intimate Partner Homicide",,,2,1,1,2,1,2,6,2,,,
"Barbados","Americas","IP Male Victims",,,0,0,0,0,0,0,0,0,,,
"Barbados","Americas","IP Female Victims",,,2,1,1,2,0,2,6,2,,,
"Belarus","Europe","Intimate Partner/Family Member Homicide",,,,,,,87,80,80,82,,,
"Belarus","Europe","IPFM Male Victims",,,,,,,45,43,48,50,,,
"Belarus","Europe","IPFM Female Victims",,,,,,,42,37,32,32,,,
"Belarus","Europe","Intimate Partner Homicide",,,,,,,31,21,32,30,,,
"Belarus","Europe","IP Male Victims",,,,,,,15,10,18,15,,,
"Belarus","Europe","IP Female Victims",,,,,,,16,11,14,15,,,
"Belize","Americas","Intimate Partner/Family Member Homicide",,,,,,,,,,3,,,
"Belize","Americas","IPFM Male Victims",,,,,,,,,,1,,,
"Belize","Americas","IPFM Female Victims",,,,,,,,,,2,,,
"Belize","Americas","Intimate Partner Homicide",,,,,,,,,,3,5,7,
"Belize","Americas","IP Male Victims",,,,,,,,,,1,1,2,
"Belize","Americas","IP Female Victims",,,,,,,,,,2,4,5,
"Bermuda","Americas","Intimate Partner/Family Member Homicide",,,,,,0,1,0,0,1,1,1,
"Bermuda","Americas","IPFM Male Victims",,,,,,0,0,0,0,0,1,1,
"Bermuda","Americas","IPFM Female Victims",,,,,,0,1,0,0,1,0,0,
"Bermuda","Americas","Intimate Partner Homicide",,,,,,0,1,0,0,1,1,,
"Bermuda","Americas","IP Male Victims",,,,,,0,,0,0,0,1,,
"Bermuda","Americas","IP Female Victims",,,,,,0,,0,0,1,0,,
"Bosnia and Herzegovina","Europe","Intimate Partner/Family Member Homicide",,,,,,22,16,21,17,15,15,16,
"Bosnia and Herzegovina","Europe","IPFM Male Victims",,,,,,10,5,9,6,9,3,9,
"Bosnia and Herzegovina","Europe","IPFM Female Victims",,,,,,12,11,12,11,6,12,7,
"Bosnia and Herzegovina","Europe","Intimate Partner Homicide",,,,,,,,11,8,6,9,7,
"Bosnia and Herzegovina","Europe","IP Male Victims",,,,,,,,,0,2,3,5,
"Bosnia and Herzegovina","Europe","IP Female Victims",,,,,,,,,8,4,6,2,
"Burkina Faso","Africa","Intimate Partner/Family Member Homicide",,,,,,,20,,,,,,
"Burkina Faso","Africa","IPFM Male Victims",,,,,,,,,,,,,
"Burkina Faso","Africa","IPFM Female Victims",,,,,,,,,,,,,
"Burkina Faso","Africa","Intimate Partner Homicide",,,,,,,,,,,,,
"Burkina Faso","Africa","IP Male Victims",,,,,,,,,,,,,
"Burkina Faso","Africa","IP Female Victims",,,,,,,,,,,,,
"Canada","Americas","Intimate Partner/Family Member Homicide",160,172,144,169,176,167,176,170,160,162,191,154,
"Canada","Americas","IPFM Male Victims",52,70,58,78,77,72,67,66,65,56,75,61,
"Canada","Americas","IPFM Female Victims",108,102,86,91,99,95,109,104,95,106,116,93,
"Canada","Americas","Intimate Partner Homicide",,,,89,88,90,94,86,73,88,85,72,
"Canada","Americas","IP Male Victims",,,,25,21,27,14,16,14,16,13,15,
"Canada","Americas","IP Female Victims",,,,64,67,63,80,70,59,72,72,57,
"Chile","Americas","Intimate Partner/Family Member Homicide",,,,,,,,,87,63,72,82,
"Chile","Americas","IPFM Male Victims",,,,,,,,,31,20,29,31,
"Chile","Americas","IPFM Female Victims",,,,,,,,,56,43,43,51,
"Chile","Americas","Intimate Partner Homicide",,,,,,,,,54,41,41,44,
"Chile","Americas","IP Male Victims",,,,,,,,,5,5,4,10,
"Chile","Americas","IP Female Victims",,,,,,,,,49,36,37,34,
"China, Hong Kong Special Administrative Region","Asia","Intimate Partner/Family Member Homicide",16,18,10,20,25,21,12,11,16,,,,
"China, Hong Kong Special Administrative Region","Asia","IPFM Male Victims",6,4,1,6,6,8,4,3,7,,,,
"China, Hong Kong Special Administrative Region","Asia","IPFM Female Victims",10,14,9,14,19,13,8,8,9,,,,
"China, Hong Kong Special Administrative Region","Asia","Intimate Partner Homicide",6,9,6,8,9,7,5,9,8,5,4,6,8
"China, Hong Kong Special Administrative Region","Asia","IP Male Victims",2,2,0,0,1,1,2,2,1,2,1,0,0
"China, Hong Kong Special Administrative Region","Asia","IP Female Victims",4,7,6,8,8,6,3,7,7,3,3,6,8
"China, Macao Special Administrative Region","Asia","Intimate Partner/Family Member Homicide",,,,,,0,0,1,0,0,1,,
"China, Macao Special Administrative Region","Asia","IPFM Male Victims",,,,,,,,0,,0,0,,
"China, Macao Special Administrative Region","Asia","IPFM Female Victims",,,,,,,,1,,0,1,,
"China, Macao Special Administrative Region","Asia","Intimate Partner Homicide",,,,,,,,1,,0,0,,
"China, Macao Special Administrative Region","Asia","IP Male Victims",,,,,,,,0,,0,0,,
"China, Macao Special Administrative Region","Asia","IP Female Victims",,,,,,,,1,,0,0,,
"Colombia","Americas","Intimate Partner/Family Member Homicide",110,93,80,91,38,41,47,62,58,168,161,164,
"Colombia","Americas","IPFM Male Victims",41,34,29,29,21,28,30,32,24,92,72,73,
"Colombia","Americas","IPFM Female Victims",69,59,51,62,17,13,17,30,34,76,89,91,
"Colombia","Americas","Intimate Partner Homicide",,,68,81,22,20,17,35,32,93,91,95,
"Colombia","Americas","IP Male Victims",,,18,21,8,8,5,10,8,20,20,24,
"Colombia","Americas","IP Female Victims",,,50,60,14,12,12,25,24,73,71,71,
"Costa Rica","Americas","Intimate Partner/Family Member Homicide",,38,34,40,39,41,54,36,28,28,,,
"Costa Rica","Americas","IPFM Male Victims",,,,,,,,,,,,,
"Costa Rica","Americas","IPFM Female Victims",,,,,,,,,,,,,
"Costa Rica","Americas","Intimate Partner Homicide",,,,,,,,,,,,,
"Costa Rica","Americas","IP Male Victims",,,,,,,,,,,,,
"Costa Rica","Americas","IP Female Victims",,,,,,,,,,,,,
"Croatia","Europe","Intimate Partner/Family Member Homicide",,,,,,22,19,27,19,19,20,22,
"Croatia","Europe","IPFM Male Victims",,,,,,8,9,15,6,5,7,4,
"Croatia","Europe","IPFM Female Victims",,,,,,14,10,12,13,14,13,18,
"Croatia","Europe","Intimate Partner Homicide",,,,,,,,8,8,8,13,12,
"Croatia","Europe","IP Male Victims",,,,,,,,1,0,0,2,1,
"Croatia","Europe","IP Female Victims",,,,,,,,7,8,8,11,11,
"Cyprus","Asia","Intimate Partner/Family Member Homicide",,,,,,,4,4,3,8,5,4,
"Cyprus","Asia","IPFM Male Victims",,,,,,,0,3,2,7,4,0,
"Cyprus","Asia","IPFM Female Victims",,,,,,,4,1,1,1,1,4,
"Cyprus","Asia","Intimate Partner Homicide",,,,,,,,,,,,,
"Cyprus","Asia","IP Male Victims",,,,,,,,,,,,,
"Cyprus","Asia","IP Female Victims",,,,,,,,,,,,,
"Czechia","Europe","Intimate Partner/Family Member Homicide",,,26,38,54,58,44,55,32,35,36,38,31
"Czechia","Europe","IPFM Male Victims",,,9,10,32,22,14,24,14,14,16,11,10
"Czechia","Europe","IPFM Female Victims",,,17,28,22,36,30,31,18,21,20,27,21
"Czechia","Europe","Intimate Partner Homicide",,,17,25,29,36,25,27,19,17,20,20,
"Czechia","Europe","IP Male Victims",,,4,8,14,10,5,11,7,8,8,3,
"Czechia","Europe","IP Female Victims",,,13,17,15,26,20,16,12,9,12,17,
"Dominican Republic","Americas","Intimate Partner/Family Member Homicide",,,,,,84,116,249,,190,,144,
"Dominican Republic","Americas","IPFM Male Victims",,,,,,19,33,,,,,45,
"Dominican Republic","Americas","IPFM Female Victims",,,,,,65,83,,,,,99,
"Dominican Republic","Americas","Intimate Partner Homicide",,,,,,,,,,,,96,
"Dominican Republic","Americas","IP Male Victims",,,,,,,,,,,,9,
"Dominican Republic","Americas","IP Female Victims",,,,,,,,,,,,87,
"Ecuador","Americas","Intimate Partner/Family Member Homicide",,,,,,,,,,102,137,172,
"Ecuador","Americas","IPFM Male Victims",,,,,,,,,,37,55,67,
"Ecuador","Americas","IPFM Female Victims",,,,,,,,,,65,82,105,
"Ecuador","Americas","Intimate Partner Homicide",,,,,,,,,,72,81,104,
"Ecuador","Americas","IP Male Victims",,,,,,,,,,15,21,22,
"Ecuador","Americas","IP Female Victims",,,,,,,,,,57,60,82,
"Egypt","Africa","Intimate Partner/Family Member Homicide",,189,167,202,205,211,201,,,,,,
"Egypt","Africa","IPFM Male Victims",,,82,95,98,99,109,,,,,,
"Egypt","Africa","IPFM Female Victims",,,85,107,107,112,92,,,,,,
"Egypt","Africa","Intimate Partner Homicide",,,,,,,,,,,,,
"Egypt","Africa","IP Male Victims",,,,,,,,,,,,,
"Egypt","Africa","IP Female Victims",,,,,,,,,,,,,
"Eswatini","Africa","Intimate Partner/Family Member Homicide",,,,,,,,,,,,,36
"Eswatini","Africa","IPFM Male Victims",,,,,,,,,,,,,
"Eswatini","Africa","IPFM Female Victims",,,,,,,,,,,,,30
"Eswatini","Africa","Intimate Partner Homicide",,,,,,,,,,,,,
"Eswatini","Africa","IP Male Victims",,,,,,,,,,,,,
"Eswatini","Africa","IP Female Victims",,,,,,,,,,,,,
"Finland","Europe","Intimate Partner/Family Member Homicide",38,43,48,42,42,35,43,36,29,31,19,27,
"Finland","Europe","IPFM Male Victims",11,16,11,14,15,14,15,6,12,13,9,11,
"Finland","Europe","IPFM Female Victims",27,27,37,28,27,21,28,30,17,18,10,16,
"Finland","Europe","Intimate Partner Homicide",,,31,31,30,24,25,16,20,20,12,17,
"Finland","Europe","IP Male Victims",,,5,6,6,7,4,0,6,5,5,5,
"Finland","Europe","IP Female Victims",,,26,25,24,17,21,16,14,15,7,12,
"France","Europe","Intimate Partner/Family Member Homicide",,,,,,,,,,,216,226,232
"France","Europe","IPFM Male Victims",,,,,,,,,,,73,80,65
"France","Europe","IPFM Female Victims",,,,,,,,,,,143,146,167
"France","Europe","Intimate Partner Homicide",,,,,,,,,,,105,119,118
"France","Europe","IP Male Victims",,,,,,,,,,,19,24,14
"France","Europe","IP Female Victims",,,,,,,,,,,86,95,104
"Georgia","Asia","Intimate Partner/Family Member Homicide",,,,,,34,,,,,,,
"Georgia","Asia","IPFM Male Victims",,,,,,4,,,,,,,
"Georgia","Asia","IPFM Female Victims",,,,,,30,,,,,,,
"Georgia","Asia","Intimate Partner Homicide",,,,,,17,,,,,,,
"Georgia","Asia","IP Male Victims",,,,,,,,,,,,,
"Georgia","Asia","IP Female Victims",,,,,,,,,,,,,
"Germany","Europe","Intimate Partner/Family Member Homicide",,,,,333,343,318,287,308,340,293,325,
"Germany","Europe","IPFM Male Victims",,,,,105,111,90,105,84,99,83,87,
"Germany","Europe","IPFM Female Victims",,,,,228,232,228,182,224,241,210,238,
"Germany","Europe","Intimate Partner Homicide",,,,,,,184,133,175,197,163,181,
"Germany","Europe","IP Male Victims",,,,,,,23,19,27,29,24,17,
"Germany","Europe","IP Female Victims",,,,,,,161,114,148,168,139,164,
"Greece","Europe","Intimate Partner/Family Member Homicide",,,13,15,20,13,14,13,22,17,16,19,
"Greece","Europe","IPFM Male Victims",,,,,,,,,,,,,
"Greece","Europe","IPFM Female Victims",,,,,,,,,,,,,
"Greece","Europe","Intimate Partner Homicide",,,,,,,,,,,,,
"Greece","Europe","IP Male Victims",,,,,,,,,,,,,
"Greece","Europe","IP Female Victims",,,,,,,,,,,,,
"Grenada","Americas","Intimate Partner/Family Member Homicide",5,2,2,2,2,0,1,5,1,5,1,3,
"Grenada","Americas","IPFM Male Victims",2,1,1,,0,0,0,1,0,3,0,1,
"Grenada","Americas","IPFM Female Victims",3,1,1,,2,0,1,4,0,2,1,2,
"Grenada","Americas","Intimate Partner Homicide",,,0,2,1,0,1,4,1,2,1,0,
"Grenada","Americas","IP Male Victims",,,,1,0,0,0,0,0,,0,0,
"Grenada","Americas","IP Female Victims",,,,1,1,0,1,4,1,,1,0,
"Guyana","Americas","Intimate Partner/Family Member Homicide",,,,,,,28,23,26,,21,21,
"Guyana","Americas","IPFM Male Victims",,,,,,,7,9,,,6,13,
"Guyana","Americas","IPFM Female Victims",,,,,,,21,14,,,15,8,
"Guyana","Americas","Intimate Partner Homicide",,,,,,,,,,,10,12,
"Guyana","Americas","IP Male Victims",,,,,,,,,,,0,4,
"Guyana","Americas","IP Female Victims",,,,,,,,,,,10,8,
"Holy See","Europe","Intimate Partner/Family Member Homicide",,,,,0,0,0,0,0,0,0,,
"Holy See","Europe","IPFM Male Victims",,,,,,,,,,,,,
"Holy See","Europe","IPFM Female Victims",,,,,,,,,,,,,
"Holy See","Europe","Intimate Partner Homicide",,,,,,,,,,,,,
"Holy See","Europe","IP Male Victims",,,,,,,,,,,,,
"Holy See","Europe","IP Female Victims",,,,,,,,,,,,,
"Honduras","Americas","Intimate Partner/Family Member Homicide",,,57,91,87,81,84,67,58,56,93,80,
"Honduras","Americas","IPFM Male Victims",,,,,,,,,,,,,
"Honduras","Americas","IPFM Female Victims",,,,,,,,,,,,,
"Honduras","Americas","Intimate Partner Homicide",,,,,,,,,,,,,
"Honduras","Americas","IP Male Victims",,,,,,,,,,,,,
"Honduras","Americas","IP Female Victims",,,,,,,,,,,,,
"Hungary","Europe","Intimate Partner/Family Member Homicide",72,65,80,70,62,42,42,50,55,57,106,82,
"Hungary","Europe","IPFM Male Victims",21,29,34,33,24,13,21,14,17,21,42,37,
"Hungary","Europe","IPFM Female Victims",51,36,46,37,38,29,21,36,38,36,64,45,
"Hungary","Europe","Intimate Partner Homicide",,,,,40,30,28,30,29,28,,30,
"Hungary","Europe","IP Male Victims",,,,,9,8,12,4,7,5,,6,
"Hungary","Europe","IP Female Victims",,,,,31,22,16,26,22,23,,24,
"Iceland","Europe","Intimate Partner/Family Member Homicide",,,,,,0,2,1,0,2,1,1,
"Iceland","Europe","IPFM Male Victims",,,,,,0,1,0,0,0,1,0,
"Iceland","Europe","IPFM Female Victims",,,,,,0,1,1,0,2,0,1,
"Iceland","Europe","Intimate Partner Homicide",,,,,,0,0,1,0,2,1,1,
"Iceland","Europe","IP Male Victims",,,,,,0,0,0,0,0,1,0,
"Iceland","Europe","IP Female Victims",,,,,,0,0,1,0,2,0,1,
"India","Asia","Intimate Partner/Family Member Homicide",11682,11241,11406,11317,12113,11814,12820,12837,11645,11438,15270,17084,
"India","Asia","IPFM Male Victims",,,,,,,,,,,,,
"India","Asia","IPFM Female Victims",,,,,,,,,,,,,
"India","Asia","Intimate Partner Homicide",,,,,,,,,,,,,
"India","Asia","IP Male Victims",,,,,,,,,,,,,
"India","Asia","IP Female Victims",,,,,,,,,,,,,
"Italy","Europe","Intimate Partner/Family Member Homicide",157,193,178,188,199,182,197,174,177,189,168,149,
"Italy","Europe","IPFM Male Victims",73,67,75,79,69,70,79,63,52,70,59,40,
"Italy","Europe","IPFM Female Victims",84,126,103,109,130,112,118,111,125,119,109,109,
"Italy","Europe","Intimate Partner Homicide",,,82,78,92,62,78,85,84,93,80,83,
"Italy","Europe","IP Male Victims",,,15,20,13,12,9,10,8,13,10,7,
"Italy","Europe","IP Female Victims",,,67,58,79,50,69,75,76,80,70,76,
"Jamaica","Americas","Intimate Partner/Family Member Homicide",,61,71,60,69,59,102,103,76,52,23,24,
"Jamaica","Americas","IPFM Male Victims",,33,46,30,37,40,71,69,44,34,14,11,
"Jamaica","Americas","IPFM Female Victims",,28,25,30,32,19,31,34,32,18,9,13,
"Jamaica","Americas","Intimate Partner Homicide",,,,,,,,,,,16,14,
"Jamaica","Americas","IP Male Victims",,,,,,,,,,,5,1,
"Jamaica","Americas","IP Female Victims",,,,,,,,,,,11,13,
"Jordan","Asia","Intimate Partner/Family Member Homicide",,,,,,,41,42,,,,32,
"Jordan","Asia","IPFM Male Victims",,,,,,,15,19,,,,,
"Jordan","Asia","IPFM Female Victims",,,,,,,26,23,,,,,
"Jordan","Asia","Intimate Partner Homicide",,,,,,,6,5,,,,11,
"Jordan","Asia","IP Male Victims",,,,,,,0,4,,,,0,
"Jordan","Asia","IP Female Victims",,,,,,,6,1,,,,11,
"Kosovo under UNSCR 1244","Europe","Intimate Partner/Family Member Homicide",,,,,,,,8,9,24,21,,
"Kosovo under UNSCR 1244","Europe","IPFM Male Victims",,,,,,,,,,,,,
"Kosovo under UNSCR 1244","Europe","IPFM Female Victims",,,,,,,,,,,,,
"Kosovo under UNSCR 1244","Europe","Intimate Partner Homicide",,,,,,,,,,,,,
"Kosovo under UNSCR 1244","Europe","IP Male Victims",,,,,,,,,,,,,
"Kosovo under UNSCR 1244","Europe","IP Female Victims",,,,,,,,,,,,,
"Liechtenstein","Europe","Intimate Partner/Family Member Homicide",,,,,,1,0,0,,,0,0,
"Liechtenstein","Europe","IPFM Male Victims",,,,,,1,0,0,,,0,0,
"Liechtenstein","Europe","IPFM Female Victims",,,,,,0,0,0,,,0,0,
"Liechtenstein","Europe","Intimate Partner Homicide",,,,,,0,0,0,,,0,0,
"Liechtenstein","Europe","IP Male Victims",,,,,,0,,,,,0,0,
"Liechtenstein","Europe","IP Female Victims",,,,,,0,,,,,0,0,
"Lithuania","Europe","Intimate Partner/Family Member Homicide",,66,40,57,44,50,43,35,38,30,31,27,
"Lithuania","Europe","IPFM Male Victims",,32,16,30,18,18,20,18,16,11,17,12,
"Lithuania","Europe","IPFM Female Victims",,34,24,27,26,32,23,17,22,19,14,15,
"Lithuania","Europe","Intimate Partner Homicide",,,23,32,25,27,26,17,29,21,19,15,
"Lithuania","Europe","IP Male Victims",,,5,14,6,6,10,6,11,6,6,7,
"Lithuania","Europe","IP Female Victims",,,18,18,19,21,16,11,18,15,13,8,
"Luxembourg","Europe","Intimate Partner/Family Member Homicide",,,2,2,1,3,0,,,3,,,
"Luxembourg","Europe","IPFM Male Victims",,,1,0,1,1,0,,,1,,,
"Luxembourg","Europe","IPFM Female Victims",,,1,2,0,2,0,,,2,,,
"Luxembourg","Europe","Intimate Partner Homicide",,,,,,,,,,,,,
"Luxembourg","Europe","IP Male Victims",,,,,,,,,,,,,
"Luxembourg","Europe","IP Female Victims",,,,,,,,,,,,,
"Malta","Europe","Intimate Partner/Family Member Homicide",1,0,0,1,2,1,3,2,1,1,1,,
"Malta","Europe","IPFM Male Victims",0,,,0,0,0,0,0,1,0,0,,
"Malta","Europe","IPFM Female Victims",1,,,1,2,1,3,2,0,1,1,,
"Malta","Europe","Intimate Partner Homicide",,,,,,,,2,0,1,1,,
"Malta","Europe","IP Male Victims",,,,,,,,0,,0,0,,
"Malta","Europe","IP Female Victims",,,,,,,,2,,1,1,,
"Mauritius","Africa","Intimate Partner/Family Member Homicide",,,,,17,12,11,12,,,,,
"Mauritius","Africa","IPFM Male Victims",,,,,7,6,7,5,,,,,
"Mauritius","Africa","IPFM Female Victims",,,,,10,6,4,7,,,,,
"Mauritius","Africa","Intimate Partner Homicide",,,,,,,,9,,,,,
"Mauritius","Africa","IP Male Victims",,,,,,,,1,,,,,
"Mauritius","Africa","IP Female Victims",,,,,,,,8,,,,,
"Mexico","Americas","Intimate Partner/Family Member Homicide",,,,,,,,252,249,308,164,165,132
"Mexico","Americas","IPFM Male Victims",,,,,,,,162,142,200,75,81,84
"Mexico","Americas","IPFM Female Victims",,,,,,,,90,107,108,89,84,48
"Mexico","Americas","Intimate Partner Homicide",,,,,,,,46,70,66,66,61,36
"Mexico","Americas","IP Male Victims",,,,,,,,6,12,14,5,9,3
"Mexico","Americas","IP Female Victims",,,,,,,,40,58,52,61,52,33
"Monaco","Europe","Intimate Partner/Family Member Homicide",,,0,0,0,0,0,0,0,,0,,
"Monaco","Europe","IPFM Male Victims",,,,,,,,,0,,0,,
"Monaco","Europe","IPFM Female Victims",,,,,,,,,0,,0,,
"Monaco","Europe","Intimate Partner Homicide",,,,,,,,,0,,0,,
"Monaco","Europe","IP Male Victims",,,,,,,,,0,,0,,
"Monaco","Europe","IP Female Victims",,,,,,,,,0,,0,,
"Mongolia","Asia","Intimate Partner/Family Member Homicide",,,23,32,24,12,8,19,25,18,23,15,
"Mongolia","Asia","IPFM Male Victims",,,16,17,17,6,6,9,12,9,15,6,
"Mongolia","Asia","IPFM Female Victims",,,7,15,7,6,2,10,13,9,8,9,
"Mongolia","Asia","Intimate Partner Homicide",,,,,,,,,,,17,12,
"Mongolia","Asia","IP Male Victims",,,,,,,,,,,13,5,
"Mongolia","Asia","IP Female Victims",,,,,,,,,,,4,7,
"Montenegro","Europe","Intimate Partner/Family Member Homicide",,,,,,,7,,1,6,6,1,
"Montenegro","Europe","IPFM Male Victims",,,,,,,4,,0,2,3,0,
"Montenegro","Europe","IPFM Female Victims",,,,,,,3,,1,4,3,1,
"Montenegro","Europe","Intimate Partner Homicide",,,,,,,,,,,2,,
"Montenegro","Europe","IP Male Victims",,,,,,,,,,,0,,
"Montenegro","Europe","IP Female Victims",,,,,,,,,,,2,,
"Morocco","Africa","Intimate Partner/Family Member Homicide",,,,,,,,,91,,127,,
"Morocco","Africa","IPFM Male Victims",,,,,,,,,57,,74,,
"Morocco","Africa","IPFM Female Victims",,,,,,,,,35,,53,,
"Morocco","Africa","Intimate Partner Homicide",,,,,,,,,80,,95,,
"Morocco","Africa","IP Male Victims",,,,,,,,,46,,43,,
"Morocco","Africa","IP Female Victims",,,,,,,,,34,,52,,
"Netherlands","Europe","Intimate Partner/Family Member Homicide",,,49,36,49,60,49,41,51,37,45,32,
"Netherlands","Europe","IPFM Male Victims",,,19,7,14,20,14,15,16,16,12,8,
"Netherlands","Europe","IPFM Female Victims",,,30,29,35,40,35,26,35,21,33,24,
"Netherlands","Europe","Intimate Partner Homicide",,,25,19,19,34,28,25,28,20,25,20,
"Netherlands","Europe","IP Male Victims",,,3,2,2,4,3,4,1,4,3,2,
"Netherlands","Europe","IP Female Victims",,,22,17,17,30,25,21,27,16,22,18,
"New Zealand","Oceania","Intimate Partner/Family Member Homicide",,,19,15,35,20,15,17,17,,,,
"New Zealand","Oceania","IPFM Male Victims",,,7,6,16,7,5,3,8,,,,
"New Zealand","Oceania","IPFM Female Victims",,,12,9,19,13,10,14,9,,,,
"New Zealand","Oceania","Intimate Partner Homicide",,,9,6,17,13,9,14,10,,,,
"New Zealand","Oceania","IP Male Victims",,,4,0,4,3,0,3,4,,,,
"New Zealand","Oceania","IP Female Victims",,,5,6,13,10,9,11,6,,,,
"Panama","Americas","Intimate Partner/Family Member Homicide",11,7,13,11,15,25,22,18,,,,,
"Panama","Americas","IPFM Male Victims",3,2,8,4,5,12,11,13,,,,,
"Panama","Americas","IPFM Female Victims",8,4,5,6,9,13,11,5,,,,,
"Panama","Americas","Intimate Partner Homicide",,,,,,,,,,,,,
"Panama","Americas","IP Male Victims",,,,,,,,,,,,,
"Panama","Americas","IP Female Victims",,,,,,,,,,,,,
"Paraguay","Americas","Intimate Partner/Family Member Homicide",,,,,,,,,21,53,38,,
"Paraguay","Americas","IPFM Male Victims",,,,,,,,,,21,,,
"Paraguay","Americas","IPFM Female Victims",,,,,,,,,,32,,,
"Paraguay","Americas","Intimate Partner Homicide",,,,,,,,,,28,,,
"Paraguay","Americas","IP Male Victims",,,,,,,,,,2,,,
"Paraguay","Americas","IP Female Victims",,,,,,,,,,26,,,
"Peru","Americas","Intimate Partner/Family Member Homicide",,,,,,,199,214,195,237,183,229,
"Peru","Americas","IPFM Male Victims",,,,,,,81,98,80,93,72,80,
"Peru","Americas","IPFM Female Victims",,,,,,,118,116,115,144,111,149,
"Peru","Americas","Intimate Partner Homicide",,,,,,,99,121,102,120,93,142,
"Peru","Americas","IP Male Victims",,,,,,,23,36,25,24,16,31,
"Peru","Americas","IP Female Victims",,,,,,,76,85,77,96,77,111,
"Poland","Europe","Intimate Partner/Family Member Homicide",,,,,191,181,177,125,178,143,146,,
"Poland","Europe","IPFM Male Victims",,,,,,,,,,,,,
"Poland","Europe","IPFM Female Victims",,,,,,,,,,,,,
"Poland","Europe","Intimate Partner Homicide",,,,,,,,,,,,,
"Poland","Europe","IP Male Victims",,,,,,,,,,,,,
"Poland","Europe","IP Female Victims",,,,,,,,,,,,,
"Republic of Korea","Asia","Intimate Partner/Family Member Homicide",,,,,,,186,193,156,180,162,160,
"Republic of Korea","Asia","IPFM Male Victims",,,,,,,,,,,,,
"Republic of Korea","Asia","IPFM Female Victims",,,,,,,,,,,,,
"Republic of Korea","Asia","Intimate Partner Homicide",,,,,,,,,,,,,
"Republic of Korea","Asia","IP Male Victims",,,,,,,,,,,,,
"Republic of Korea","Asia","IP Female Victims",,,,,,,,,,,,,
"Republic of Moldova","Europe","Intimate Partner/Family Member Homicide",,13,16,30,17,33,22,,26,23,,,
"Republic of Moldova","Europe","IPFM Male Victims",,5,11,15,11,15,6,,13,6,,,
"Republic of Moldova","Europe","IPFM Female Victims",,8,5,15,6,18,16,,13,17,,,
"Republic of Moldova","Europe","Intimate Partner Homicide",,,,,,,,,14,1,,,
"Republic of Moldova","Europe","IP Male Victims",,,,,,,,,5,0,,,
"Republic of Moldova","Europe","IP Female Victims",,,,,,,,,9,1,,,
"Romania","Europe","Intimate Partner/Family Member Homicide",111,115,93,115,83,79,77,,,,111,65,
"Romania","Europe","IPFM Male Victims",65,62,49,64,45,44,41,,,,47,23,
"Romania","Europe","IPFM Female Victims",46,53,44,51,38,35,36,,,,64,42,
"Romania","Europe","Intimate Partner Homicide",,,,,,,,,,,,,
"Romania","Europe","IP Male Victims",,,,,,,,,,,,,
"Romania","Europe","IP Female Victims",,,,,,,,,,,,,
"Russian Federation","Europe","Intimate Partner/Family Member Homicide",,,,,,,,,,,,,
"Russian Federation","Europe","IPFM Male Victims",,,,,,,,,,,,,
"Russian Federation","Europe","IPFM Female Victims",,,,,,,,,,,,,
"Russian Federation","Europe","Intimate Partner Homicide",,,,,,,,1219,1268,1434,1565,1576,
"Russian Federation","Europe","IP Male Victims",,,,,,,,603,583,642,712,716,
"Russian Federation","Europe","IP Female Victims",,,,,,,,616,685,792,853,860,
"Saint Lucia","Americas","Intimate Partner/Family Member Homicide",,,,,,,,,,,4,2,6
"Saint Lucia","Americas","IPFM Male Victims",,,,,,,,,,,,,
"Saint Lucia","Americas","IPFM Female Victims",,,,,,,,,,,,,
"Saint Lucia","Americas","Intimate Partner Homicide",,,,,,,,,,,,,
"Saint Lucia","Americas","IP Male Victims",,,,,,,,,,,,,
"Saint Lucia","Americas","IP Female Victims",,,,,,,,,,,,,
"Saint Vincent and the Grenadines","Americas","Intimate Partner/Family Member Homicide",,2,7,6,1,,,3,,,,,
"Saint Vincent and the Grenadines","Americas","IPFM Male Victims",,1,1,3,0,,,3,,,,,
"Saint Vincent and the Grenadines","Americas","IPFM Female Victims",,1,6,3,1,,,0,,,,,
"Saint Vincent and the Grenadines","Americas","Intimate Partner Homicide",,,,,,,,3,,,,,
"Saint Vincent and the Grenadines","Americas","IP Male Victims",,,,,,,,,,,,,
"Saint Vincent and the Grenadines","Americas","IP Female Victims",,,,,,,,,,,,,
"Slovakia","Europe","Intimate Partner/Family Member Homicide",,,,,,,,,17,13,8,,
"Slovakia","Europe","IPFM Male Victims",,,,,,,,,13,12,1,,
"Slovakia","Europe","IPFM Female Victims",,,,,,,,,4,1,7,,
"Slovakia","Europe","Intimate Partner Homicide",,,,,,,,,,7,7,,
"Slovakia","Europe","IP Male Victims",,,,,,,,,,7,1,,
"Slovakia","Europe","IP Female Victims",,,,,,,,,,0,6,,
"Slovenia","Europe","Intimate Partner/Family Member Homicide",9,7,8,6,6,5,5,6,5,8,5,4,
"Slovenia","Europe","IPFM Male Victims",5,6,2,2,1,2,1,1,3,4,2,2,
"Slovenia","Europe","IPFM Female Victims",4,1,6,4,5,3,4,5,2,4,3,2,
"Slovenia","Europe","Intimate Partner Homicide",,,5,3,2,2,4,3,3,6,4,0,
"Slovenia","Europe","IP Male Victims",,,1,0,0,0,0,1,2,2,2,0,
"Slovenia","Europe","IP Female Victims",,,4,3,2,2,4,2,1,4,2,0,
"Spain","Europe","Intimate Partner/Family Member Homicide",,,,,,142,104,151,107,82,101,91,
"Spain","Europe","IPFM Male Victims",,,,,,42,32,43,32,18,26,24,
"Spain","Europe","IPFM Female Victims",,,,,,100,73,108,75,64,75,67,
"Spain","Europe","Intimate Partner Homicide",,,,,,,,,58,62,69,54,
"Spain","Europe","IP Male Victims",,,,,,,,,5,5,9,6,
"Spain","Europe","IP Female Victims",,,,,,,,,53,57,60,48,
"Sri Lanka","Asia","Intimate Partner/Family Member Homicide",,,,176,178,164,141,140,180,108,142,156,134
"Sri Lanka","Asia","IPFM Male Victims",,,,108,92,96,73,80,113,,,,
"Sri Lanka","Asia","IPFM Female Victims",,,,69,86,68,68,60,67,,,,
"Sri Lanka","Asia","Intimate Partner Homicide",,,,,,,,,72,55,62,80,79
"Sri Lanka","Asia","IP Male Victims",,,,,,,,,,,,,
"Sri Lanka","Asia","IP Female Victims",,,,,,,,,,,,,
"Suriname","Americas","Intimate Partner/Family Member Homicide",,,,,,,,,23,26,29,30,
"Suriname","Americas","IPFM Male Victims",,,,,,,,,,,,,
"Suriname","Americas","IPFM Female Victims",,,,,,,,,,,,,
"Suriname","Americas","Intimate Partner Homicide",,,,,,,,,5,7,9,10,
"Suriname","Americas","IP Male Victims",,,,,,,,,,,,,
"Suriname","Americas","IP Female Victims",,,,,,,,,3,7,12,12,
"Sweden","Europe","Intimate Partner/Family Member Homicide",,,,,,34,,,,,,,
"Sweden","Europe","IPFM Male Victims",,,,,,8,,,,,,,
"Sweden","Europe","IPFM Female Victims",,,,,,19,,,,,,,
"Sweden","Europe","Intimate Partner Homicide",,,,,,20,,,,,,,
"Sweden","Europe","IP Male Victims",,,,,,,,,,,,,
"Sweden","Europe","IP Female Victims",,,,,,,,,,,,,
"Switzerland","Europe","Intimate Partner/Family Member Homicide",,,,,25,26,27,22,23,23,36,19,21
"Switzerland","Europe","IPFM Male Victims",,,,,9,7,6,8,5,6,14,1,4
"Switzerland","Europe","IPFM Female Victims",,,,,16,19,21,14,18,17,22,18,17
"Switzerland","Europe","Intimate Partner Homicide",,,,,15,16,18,12,14,15,19,14,11
"Switzerland","Europe","IP Male Victims",,,,,4,1,2,2,0,2,4,0,0
"Switzerland","Europe","IP Female Victims",,,,,11,15,16,10,14,13,15,14,11
"The former Yugoslav Republic of Macedonia","Europe","Intimate Partner/Family Member Homicide",,13,11,13,17,13,8,12,8,15,,,
"The former Yugoslav Republic of Macedonia","Europe","IPFM Male Victims",,8,4,6,8,3,5,8,3,8,,,
"The former Yugoslav Republic of Macedonia","Europe","IPFM Female Victims",,5,7,7,9,10,3,4,5,7,,,
"The former Yugoslav Republic of Macedonia","Europe","Intimate Partner Homicide",,,,,,,,2,,,,,
"The former Yugoslav Republic of Macedonia","Europe","IP Male Victims",,,,,,,,0,,,,,
"The former Yugoslav Republic of Macedonia","Europe","IP Female Victims",,,,,,,,2,,,,,
"Tonga","Oceania","Intimate Partner/Family Member Homicide",0,0,0,0,4,0,0,0,,,,,
"Tonga","Oceania","IPFM Male Victims",,,,,1,,,,,,,,
"Tonga","Oceania","IPFM Female Victims",,,,,3,,,,,,,,
"Tonga","Oceania","Intimate Partner Homicide",,,,,,,,,,,,,
"Tonga","Oceania","IP Male Victims",,,,,,,,,,,,,
"Tonga","Oceania","IP Female Victims",,,,,,,,,,,,,
"Trinidad and Tobago","Americas","Intimate Partner/Family Member Homicide",,33,19,36,21,26,20,19,23,27,16,,
"Trinidad and Tobago","Americas","IPFM Male Victims",,11,11,17,10,8,13,9,11,12,,,
"Trinidad and Tobago","Americas","IPFM Female Victims",,22,8,19,11,18,7,10,12,15,,,
"Trinidad and Tobago","Americas","Intimate Partner Homicide",,,,,,,,,,,6,,
"Trinidad and Tobago","Americas","IP Male Victims",,,,,,,,,,,0,,
"Trinidad and Tobago","Americas","IP Female Victims",,,,,,,,,,,6,,
"United Kingdom (England and Wales)","Europe","Intimate Partner/Family Member Homicide",,189,217,204,204,203,181,177,190,176,170,,
"United Kingdom (England and Wales)","Europe","IPFM Male Victims",,72,89,70,66,66,60,56,53,64,57,,
"United Kingdom (England and Wales)","Europe","IPFM Female Victims",,117,128,134,138,137,121,121,137,112,113,,
"United Kingdom (England and Wales)","Europe","Intimate Partner Homicide",,,110,135,118,118,107,94,111,100,105,,
"United Kingdom (England and Wales)","Europe","IP Male Victims",,,30,32,20,20,18,16,25,19,28,,
"United Kingdom (England and Wales)","Europe","IP Female Victims",,,80,103,98,98,89,78,86,81,77,,
"United Kingdom (Northern Ireland)","Europe","Intimate Partner/Family Member Homicide",6,6,11,5,11,6,6,2,8,8,3,2,
"United Kingdom (Northern Ireland)","Europe","IPFM Male Victims",,,,,,,,,,,,,
"United Kingdom (Northern Ireland)","Europe","IPFM Female Victims",,,,,,,,,,,,,
"United Kingdom (Northern Ireland)","Europe","Intimate Partner Homicide",,,,,,,,,8,8,3,2,
"United Kingdom (Northern Ireland)","Europe","IP Male Victims",,,,,,,,,3,3,0,1,
"United Kingdom (Northern Ireland)","Europe","IP Female Victims",,,,,,,,,5,5,3,1,
"United Kingdom (Scotland)","Europe","Intimate Partner/Family Member Homicide",21,29,28,31,18,31,21,13,15,18,10,13,
"United Kingdom (Scotland)","Europe","IPFM Male Victims",13,19,13,13,6,15,9,6,6,8,5,4,
"United Kingdom (Scotland)","Europe","IPFM Female Victims",8,10,15,18,12,16,12,7,9,10,5,9,
"United Kingdom (Scotland)","Europe","Intimate Partner Homicide",,,19,19,12,16,12,9,9,8,7,6,
"United Kingdom (Scotland)","Europe","IP Male Victims",,,7,4,4,4,3,4,1,2,3,2,
"United Kingdom (Scotland)","Europe","IP Female Victims",,,12,15,8,12,9,5,8,6,4,4,
"United Kingdom of Great Britain and Northern Ireland","Europe","Intimate Partner/Family Member Homicide",,224,256,240,233,240,208,192,213,202,183,,
"United Kingdom of Great Britain and Northern Ireland","Europe","IPFM Male Victims",,94,107,85,78,87,68,,,,,,
"United Kingdom of Great Britain and Northern Ireland","Europe","IPFM Female Victims",,130,149,155,155,153,140,,,,,,
"United Kingdom of Great Britain and Northern Ireland","Europe","Intimate Partner Homicide",,,,,,,,,128,116,115,,
"United Kingdom of Great Britain and Northern Ireland","Europe","IP Male Victims",,,,,,,,,29,24,31,,
"United Kingdom of Great Britain and Northern Ireland","Europe","IP Female Victims",,,,,,,,,99,92,84,,
"United Republic of Tanzania","Africa","Intimate Partner/Family Member Homicide",,,,,,659,654,601,631,675,770,,
"United Republic of Tanzania","Africa","IPFM Male Victims",,,,,,219,219,200,210,224,256,,
"United Republic of Tanzania","Africa","IPFM Female Victims",,,,,,440,435,401,421,451,514,,
"United Republic of Tanzania","Africa","Intimate Partner Homicide",,,,,,290,251,279,278,314,330,,
"United Republic of Tanzania","Africa","IP Male Victims",,,,,,98,85,94,94,106,112,,
"United Republic of Tanzania","Africa","IP Female Victims",,,,,,192,166,185,184,208,218,,
"United States of America","Americas","Intimate Partner/Family Member Homicide",2744,2364,2380,2478,2465,2425,2387,2261,2259,2276,2369,2448,
"United States of America","Americas","IPFM Male Victims",1069,980,932,969,956,926,938,,,,,,
"United States of America","Americas","IPFM Female Victims",1675,1384,1448,1491,1481,1469,1430,,,,,,
"United States of America","Americas","Intimate Partner Homicide",,,,,1360,1336,1295,1256,1237,1203,1270,1284,
"United States of America","Americas","IP Male Victims",,,,,,,,,,,,,
"United States of America","Americas","IP Female Victims",,,,,,,,,,,,,
"Uruguay","Americas","Intimate Partner/Family Member Homicide",,,,,,,37,48,48,44,50,44,
"Uruguay","Americas","IPFM Male Victims",,,,,,,13,26,19,18,21,19,
"Uruguay","Americas","IPFM Female Victims",,,,,,,24,22,29,26,29,25,
"Uruguay","Americas","Intimate Partner Homicide",,,,,,,,24,27,16,31,21,
"Uruguay","Americas","IP Male Victims",,,,,,,,6,5,4,5,4,
"Uruguay","Americas","IP Female Victims",,,,,,,,18,22,12,26,17,
